Word,Meaning
informatively,in an informative manner  
uninformatively,\in an uninformative manner; \\I can't tell you when the manager will arrive,' he said rather uninformatively\  \
infrequently,not many times; \in your 1850 church you not infrequently find a dramatic contrast between the sumptuous appointments of the building itself and the inhuman barrack-like living conditions in the church room\
ingeniously,\in an ingenious manner; \a Hampshire farmer had fowls of different breeds, including Dorkings, and he discriminated ingeniously between the \dark ones' and the \white ones'\  \
ingratiatingly,in a flattering and ingratiating manner; \she behaves ingratiatingly toward her boss\
inherently,\in an inherent manner; \the subject matter is sexual activity of any overt kind, which is depicted as inherently desirable and exciting\  \
inimitably,in an unreproducible manner; \he has an inimitably verbose style\
iniquitously,in an iniquitous manner; \they really believed that the treaty of Versailles was iniquitously injust\
innately,in an innate manner; \the child is said to be innately disposed to learn language\
innocently,in a naively innocent manner; \she smiled at him innocently\
innocently,in a not unlawful manner; \he claimed to have purchased the contraband innocently\
inopportunely,at an inconvenient time; \he arrived inopportunely just as we sat down for dinner\; \she answered malapropos\
opportunely,at an opportune time; \he arrived rather opportunely just when we needed a new butler\
inquiringly,in an inquiring manner; \Tom Swift looked at his cabin mates inquiringly\
insatiably,in an insatiable manner; with persistence but without satisfaction; \he clawed insatiably at the traditional precepts\
insatiably,to an insatiable degree; \she was insatiably hungry\
securely,in an invulnerable manner; \the agreed line was to involve at several points the withdrawal of French troops from positions which they had quite securely held\
securely,in a manner free from fear or risk; \the outcome of expansion in the sixties and seventies will be an academic hierarchy securely supported by scholastic selection\
insecurely,in a manner involving risk; \our positions here at the university are rather insecurely supported by grant money\
securely,in a confident and unselfconscious manner; \he acts very securely in front of the camera\
insecurely,in a tentative and self-conscious manner; \she always acts very insecurely in the presence of her father\
sensitively,in a sensitive manner; \she questioned the rape victim very sensitively about the attack\
insensitively,in an insensitive manner; \the police officer questioned the woman rather insensitively about the attack\
insidiously,in a harmfully insidious manner; \these drugs act insidiously\
sincerely,with sincerity; without pretense; \she praised him sincerely for his victory\; \was unfeignedly glad to see his old teacher\; \we are truly sorry for the inconvenience\
insincerely,without sincerity; \she congratulated him somewhat insincerely\
from_the_heart,very sincerely; \he spoke from the heart\
insinuatingly,\in an insinuating manner; \the art book has art to sell, insinuatingly, and for a purpose, like the American muse, which has in fact a tradition to sell, and one which doesn't exist, in painting\  \
insipidly,in an insipid manner; \insipidly expressed thoughts\
insomuch,to such an extent or degree; so  
inspirationally,\with inspiration; in an inspiring manner, \he talked inspirationally\  \
substantially,in a strong substantial way; \the house was substantially built\
insubstantially,not substantially; lacking substantial expression or fullness  
insultingly,in a disrespectful and insulting manner; \he behaves insultingly toward his parents\
insuperably,to an insuperable degree; \these various courses all seemed insuperably difficult to the student\
interchangeably,in an interchangeable manner; \these terms can be used interchangeably\
interdepartmental,between departments; \this memo was circulated interdepartmentally\
intermediately,to an intermediate degree; \intermediately hot\
endlessly,(spatial sense) without bounds; \the Nubian desert seemed to stretch out before them endlessly\
intermittently,in an intermittent manner; \intermittently we questioned the barometer\
interrogatively,in a questioning format  
intolerantly,in a narrow-minded manner; \his illiberally biased way of thinking\
tolerantly,in a tolerant manner; \he reacts rather tolerantly toward his son's juvenile behavior\
intolerantly,in an intolerant manner  
transitively,in a transitive manner; \you can use the verb \eat' transitively or intransitively\
intransitively,\in an intransitive manner; \you can use the verb \drink' intransitively, without a direct object\  \
intravenously,in an intravenous manner; \the patient had to be fed intravenously\
intuitively,in an intuitive manner; \inventors seem to have chosen intuitively a combination of explosive and aggressive sounds as warning signals to be used on automobiles\
inventively,in an inventive manner; \Picasso's liberated shapes and excitingly applied and inventively combined colours\
invidiously,in a manner arousing resentment  
invincibly,\in an invincible manner; \invincibly, the troops moved forward\  \
invisibly,without being seen; \these organisms enter the body invisibly\
visibly,in a visible manner; \he was visibly upset\
irately,\in an irate manner; \\Get out,' he shouted irately\  \
ironically,in an ironic manner; \she began to mimic him ironically\
ironically,\contrary to plan or expectation; \ironically, he ended up losing money under his own plan\  \
irrelevantly,\in an irrelevant manner; \suddenly and irrelevantly, she asked him for money\  \
irretrievably,in an irretrievable manner; \it is irretrievably lost\
irreverently,\in an irreverent manner; \in the seventeenth century England had known fifty years of doctrinal quarrels and civil war; clergymen had been turned from their cures, and churches irreverently used\  \
irreverently,without respect; \the student irreverently mimicked the teacher in his presence\
irreversibly,in an irreversible manner; \this old tradition is irreversibly disappearing\
jarringly,in a manner that jars and irritates; \the piano was jarringly out of tune\
jealously,with jealousy; \he guarded his privacy jealously\
immaturely,in an immature manner; \his teenage son still behaves very immaturely\
maturely,in a mature manner; \she acts very maturely for her age\
jerkily,\with jerking motions; \She rose stiffly, jerkily from the window seat\  \
jokingly,in jest; \I asked him jokingly whether he thought he could drive the Calcutta-Peshawar express\
jocosely,with humor; \they tried to deal with this painful subject jocularly\
journalistically,by journalists; \he is being journalistically crucified in his own country\
jovially,in a jovial manner; \he greeted his friend jovially\
judiciously,in a judicious manner; \let's use these intelligence tests judiciously\
injudiciously,in an injudicious manner; \these intelligence tests were used injudiciously for many years\
keenly,in a keen and discriminating manner; \he was keenly aware of his own shortcomings\
killingly,in a very humorous manner  
laboriously,in a laborious manner; \their lives were spent in committee making decisions for others to execute on the basis of data laboriously gathered for them\
lackadaisically,in an idle and lackadaisical manner; \he was hanging around the house lackadaisically\
lamely,\in a weak and unconvincing manner; \\I don't know, Edward,' she answered lamely\  \
landward,\toward land; \landward, miles of rough grass marshes melt into low uplands\  \
langsyne,at a distant time in the past (chiefly Scottish)  
languidly,in a languid and lethargic manner; \the men languidly put on their jackets\
languorously,in a languorous manner; \he was sprawling languorously on the sofa\
large,with the wind abaft the beam; \a ship sailing large\
large,\at a distance, wide of something (as of a mark)  \
lasciviously,in a lascivious manner  
laterally,in a lateral direction or location; \the body is spindle-shaped and only slightly compressed laterally\
laterally,to or by or from the side; \such women carry in their heads kinship knowledge of six generations depth and extending laterally among consanguineal kin as far as the grandchildren of second cousin\
laughably,\so as to arouse or deserve laughter; \her income was laughably small, but she managed to live well\  \
laxly,in a permissively lenient manner; \he felt incensed that Tarrant should have been treated so leniently given his crime\
under_arms,armed and prepared for fighting  
lazily,in a slow and lazy manner; \I watched the blue smoke drift lazily away on the still air\
left,toward or on the left; also used figuratively; \he looked right and left\; \the political party has moved left\
right,toward or on the right; also used figuratively; \he looked right and left\; \the party has moved right\
legato,\connecting the notes; in music; \play this legato, please\  \
staccato,\separating the notes; in music; \play this staccato, please\  \
lengthways,in the direction of the length; \He cut the paper lengthwise\
longitudinally,across time; \We studied the development of the children longitudinally\
lento,\in music; \Play this lento, please\  \
lethargically,without energy; in a lethargic manner; \he hung around the house lethargically\
lewdly,in a lewd and obscene manner; \he had seen how in their dances the white men and women held one another obscenely\
licentiously,in a licentious and promiscuous manner; \this young girl has to share a room with her mother who lives promiscuously\
lifelessly,in a lifeless manner; \the girl lay in her arms lifelessly\
lifelessly,without animation or vitality; \lifelessly he performed the song\
longingly,in a yearning manner; \he spent the rest of the act gazing longingly over my right shoulder at the illuminated word \Exit'\
lucidly,in a clear and lucid manner; \this is a lucidly written book\
lukewarmly,in an unenthusiastically lukewarm manner; \he was lukewarmly received by his relatives\
luxuriantly,\in an elegantly luxuriant way; \this suave, culture-loving and luxuriantly good-looking M.P.represents the car-workers of Coventry\  \
luxuriantly,in an abundant and luxuriant manner; \whiskers grew luxuriantly from his ample jowls\
manageably,so as to be manageable; \this house is manageably small\
unmanageably,\so as to be unmanageable; \\This house is unmanageably large,' she complained\  \
manfully,in a manful manner; with qualities thought to befit a man; \having said her say Peggy manfully shouldered her burden and prepared to break up yet another home\
unmanfully,without qualities thought to befit a man  
lightly,with few burdens; \experienced travellers travel light\
light-handedly,in a light-handed manner  
light-heartedly,in a light-hearted manner; \he light-heartedly overlooks some of the basic facts of life\
lightsomely,moving with quick light steps; \she walked lightsomely down the long staircase\
limnologically,with regard to or concerning limnology  
limply,without rigidity; \the body was hanging limply from the tree\
lineally,by an unbroken line of descent; \she is related lineally to the Royal Family\
matrilineally,by descent through the female line  
patrilineally,by descent through the male line  
lingeringly,\in a slow, leisurely or prolonged way; \her voice was swift, yet ever the last words fell lingeringly\ -Rossetti  \
lispingly,with a lisp; \she spoke lispingly\
listlessly,in a listless manner; \they shook hands rather listlessly\
lividly,in a livid manner  
loftily,in a lofty manner; \she bore herself loftily\
logarithmically,in a logarithmic manner; \data plotted logarithmically with respect to time is shown in Figure 2\
longer,for more time; \can I stay bit longer?\
longest,for the most time; \she stayed longest\
loquaciously,\in a chatty loquacious manner; \\When I was young,' she continued loquaciously, \I used to do all sorts of naughty things'\  \
low,in a low position; near the ground; \the branches hung low\
lowest,in the lowest position; nearest the ground; \the branch with the big peaches on it hung lowest\
lugubriously,in a sorrowful lugubrious manner; \his long face lugubriously reflecting a hidden and unexpressed compassion\
luridly,in a lurid manner; \it was luridly described in the book as the place where mystics took refuge\
lusciously,so as to produce a delightful taste; \I bought some more of these deliciously sweet peaches\
lustfully,in a lustful manner; \he looked at the young woman lustfully\
lyrically,in a lyrical manner; \she danced the part of the Black Swan very lyrically\
magnanimously,\in a magnanimous manner; \magnanimously, he forgave all those who had harmed him\  \
grandiloquently,in a rhetorically grandiloquent manner; \the orator spoke magniloquently\
majestically,in a majestic manner; \flamingoes walk majestically through the marshes\
benevolently,in a benevolent manner; \she looked on benevolently\
malevolently,in a malevolent manner; \she gossips malevolently\
malignantly,\in a malignant manner, as of a tumor that spreads  \
malignly,in a malign and evil manner  
managerially,in a managerial manner  
mangily,in a mangy manner  
maniacally,in a maniacal manner or to a maniacal degree; \he was maniacally obsessed with jealousy\
manipulatively,in an artfully manipulative manner  
masochistically,in a masochistic manner; \masochistically he insisted on an even greater workload\
massively,to a massive degree or in a massive manner; \tonight the haddock were shoaling massively in three hundred fathoms\
masterfully,in a skillfully masterful manner; with the skill of a master; \the young boy played the violin sonata masterfully\
materialistically,in a materialistic manner; \one should not approach life materialistically\
maternally,in a maternal manner; as a mother; \she loved her students almost maternally\
mawkishly,in a mawkish and emotional manner; \the violinist played that piece mawkishly\
maximally,to a maximal degree; \the cells maximally responsive to lines in this orientation will fire\
minimally,to a minimal degree; \the cells minimally responsive to lines in this orientation will not fire\
meagerly,to a meager degree or in a meager manner; \these voices are meagerly represented at the conference\; \the area is slenderly endowed with natural resources\
amply,to an ample degree or in an ample manner; \these voices were amply represented\; \we benefited richly\
meanderingly,in a meandering manner; \the river ran meanderingly through the valley\
meaningfully,in a meaningful manner; so as to be meaningful; \He glanced at her meaningfully\
meanly,in a miserly manner; \they lived meanly and without ostentation\
meanly,poorly or in an inferior manner; \troops meanly equipped\
meanly,\in a despicable, ignoble manner; \this new leader meanly threatens the deepest values of our society\  \
meanspiritedly,in a meanspirited manner  
immeasurably,to an immeasurable degree; beyond measurement; \the war left him immeasurably fearful of what man can do to man\
measurably,to a measurable degree; \the difference is measurably large\
mechanistically,in a mechanistic manner; \Handel achieves a huge breadth of musical thought when composing almost mechanistically in the least weighty of styles\
medially,in a medial position; \this consonant always occurs medially\
meditatively,\in a meditative manner; \round and round, while meditatively, as a cow chewing the cud, he let his eyes rest on the flat water ahead of him\  \
mellowly,(obsolete) in a mellow manner  
melodiously,in a melodious manner; \she sang melodiously\
unmelodiously,in an unmelodious manner; \she sings rather unmelodiously\
melodramatically,in an overly emotional manner; \she acted melodramatically when she called for help\
melodramatically,\as in a melodrama; \here, the hero is melodramatically reunited with the heroine\  \
memorably,in a memorable manner; \Horowitz could play Chopin memorably\
unmemorably,in an unmemorable manner  
menacingly,in a menacing manner; \the voice at the other end of the line dropped menacingly\
mendaciously,\in a mendacious and untruthful manner; \I told him, quite untruthfully, that I had just returned from leave\  \
truthfully,with truth; \I told him truthfully that I had just returned from my vacation\; \he answered the question as truthfully as he could\
menially,in a menial manner  
mercilessly,without pity; in a merciless manner; \he was mercilessly trounced by his opponent in the House\
meretriciously,in a meretricious manner; \the boat is meretriciously decorated\
meritoriously,in a meritorious manner; \he served his country meritoriously\
messily,\in a messy, untidy manner; \Rossi spat very deliberately, and very messily, upon Durieux's party card\  \
tidily,in a tidy manner; \the door gave access to a tidily furnished sitting-room where chintz and oak predominated\
methodologically,in a methodical manner; \let us proceed methodologically\
metrically,\with regard to meter; \metrically, these poems are matched\  \
rhythmically,in a rhythmic manner; \the chair rocked rhythmically back and forth\
mindlessly,in an unreasonably senseless manner; \these temples were mindlessly destroyed by the Red Guards\
mindlessly,\without intellectual involvement; \all day long, he mindlessly filled out forms\  \
amidships,\at or near or toward the center of a ship; \in the late 19th century, engines were placed in front, amidships, and at the rear\  \
midweek,in the middle of the week  
mincingly,in a mincing manner; \she stepped mincingly over the puddles\
ministerially,in the manner of a minister or clergyman; \he was called on to visit ministerially on the dying man\
minutely,in minute detail; \our inability to see everything minutely and clearly is due merely to the infirmity of our senses\
miraculously,\in a miraculous manner; \my hand grasped the gun that was, miraculously, lying on the ground beside my finger tips\  \
miserably,in a miserable manner; \I bit my lip miserably and nodded\
mistily,in a misty manner; \the summits of the mountains were mistily purple\
molto,much; \allegro molto\
momentously,in a momentous way  
monotonously,in a monotonous manner; \the history of the play throughout the latter part of the eighteenth century is monotonously uneventful\
moodily,\in a moody manner; \in the bar, a youngish, sharp-eyed man was staring moodily into a gin and tonic\  \
morbidly,in a morbid manner or to a morbid degree; \he was morbidly fascinated by dead bodies\
morosely,in a morose manner; \he fell morosely on the bed\
morphologically,in a morphological manner; with regard to morphology; \these two plants are morphologically related\
mortally,\in such a manner that death ensues (also in reference to hatred, jealousy, fear, etc.); \a being of whom the forest Indians are said to be mortally afraid, with a hoof shaped like the heel of a bottle\  \
motionlessly,without moving; in a motionless manner; \he saw the black-haired man waiting motionlessly behind the opposite side of the platform\
sadly,\with sadness; in a sad manner; \\She died last night,' he said sadly\  \
mournfully,in a mournful manner; \the young man stared into his glass mournfully\
mundanely,in a mundane manner; \the young man spoke so mundanely of university life\
mundanely,in a worldly manner; \terrestrially changeable\
murderously,as if bent on murder; \the huge dog bore down on them with bared fangs and barking murderously\
murkily,unclearly; opaquely; \murkily expressed ideas\
musically,in a musical manner; \She sang very musically\
unmusically,in an unmusical manner; \She sings rather unmusically\
musingly,\in a reflective manner; \\It's funny about that bar,' he said musingly\  \
mutually,in a mutual or shared manner; \the agreement was mutually satisfactory\; \the goals of the negotiators were not reciprocally exclusive\
in_return,(often followed by \for') in exchange or in reciprocation; \gave up our seats on the plane and in return received several hundred dollars and seats on the next plane out\; \we get many benefits in return for our taxes\
naively,\in a naive manner; \he believed, naively, that she would leave him her money\  \
nakedly,without clothing; \Henriette saw the weaving figure of an Apache warrior reel nakedly on a pony and rush by with a rifle raised\
nakedly,in an exposed manner; without protection or defense; \they were attacked as they huddled nakedly on the bare hill\
broad-mindedly,in a broad-minded manner; \the authorities broad-mindedly permitted the opening of a center for teenagers\
nastily,\in a nasty ill-tempered manner; \\Don't expect me to help you,' he added nastily\  \
nattily,in a natty manner; with smartness; \it was arranged carefully and nattily\
jauntily,in a jaunty fashionable manner; \his hat sat jauntily on his full brown hair\
nay,\not this merely but also; not only so but; \each of us is peculiar, nay, in a sense unique\  \
nearer,\(comparative of \near' or \close') within a shorter distance; \come closer, my dear!\; \they drew nearer\; \getting nearer to the true explanation\  \
nearest,(superlative of \near' or \close') within the shortest distance; \that was the time he came nearest to death\
necessarily,in an essential manner; \such expenses are necessarily incurred\
necessarily,as a highly likely consequence; \we are necessarily bound for federalism in Europe\
unnecessarily,in an unnecessary manner; \they were unnecessarily rude\
nefariously,in a nefarious manner or to a nefarious degree; \nefariously involved in a conspiracy\
neglectfully,in a neglectful manner  
negligently,in a negligent manner; \he did his work negligently\
nervously,in an anxiously nervous manner; \we watched the stock market nervously\
neurotically,\in a neurotic manner; \they are finely, not to say neurotically adjusted\  \
nervously,with nervous excitement; \our bodies jumped nervously away at the slightest touch\
near,near in time or place or relationship; \as the wedding day drew near\; \stood near the door\; \don't shoot until they come near\; \getting near to the true explanation\; \her mother is always near\; \The end draws nigh\; \the bullet didn't come close\; \don't get too close to the fire\
nobly,in a noble manner; \she has behaved nobly\
nohow,in no manner; in no way; \We could nohow make out his handwriting\
nonstop,without stopping; \we are flying nonstop form New York to Tokyo\
nostalgically,\in a nostalgic manner; \they spent an hour together, talking nostalgically as they wandered slowly down the coast road\  \
notoriously,\to a notorious degree; \European emigres, who notoriously used to repair to the British Museum to write seditious pamphlets\  \
nutritionally,\with regard to nutrition; \nutritionally, her new diet is suicide\  \
numerically,\in number; with regard to numbers; \in ten years' time the Oxbridge mathematicians, scientists, and engineers will not be much more significant numerically than the Oxbridge medical schools are now\  \
numbly,in a numb manner; without feeling; \I stared at him numbly\
objectively,with objectivity; \we must look at the facts objectively\
subjectively,in a subjective way; \you cannot look at these facts subjectively\
obscenely,to an obscene degree; \this man is obscenely rich\
obsequiously,in an obsequious manner; \she acts obsequiously toward her boss\
observantly,in an observant manner  
obstreperously,\in manner that attracts attention; \obstreperously, he demanded to get service\  \
obtrusively,in an obtrusive manner  
unobtrusively,\in an unobtrusive manner; \messengers were moving unobtrusively over the jet-black mountain ranges, bearing confidential tidings from sheikhdom to sheikhdom\  \
officiously,in an officious manner; \nothing so fatal as to strive too officiously for an abstract quality like beauty\
obstructively,in an obstructive manner; \he acted very obstructively when we tried to carry out our project\
offside,illegally in advance of the ball or puck  
onerously,in an onerous manner  
opaquely,in an opaque manner; \he referred opaquely to her recent past\
operationally,in respect to operation; \reported the machine operationally satisfactory\; \a well-trained staff that is operationally adequate\
oppressively,in a heavy and oppressive way; \it was oppressively hot in the office\
optimally,in an optimal and most desirable way  
optimistically,\with optimism; in an optimistic manner; \\We have a good chance of winning,' he exclaimed optimistically\  \
pessimistically,with pessimism; in a pessimistic manner; \he evaluated his chances for survival rather pessimistically\
optionally,in an optional manner; \this rule is applied optionally\
obligatorily,in an obligatory manner; \this rule applies obligatorily\
sumptuously,in a sumptuous and opulent manner; \this government building is sumptuously appointed\
organizationally,\with regard to organization; \organizationally, the conference was a disaster!\  \
osmotically,by means of osmosis  
ostentatiously,with ostentation; in an ostentatious manner; \Mr Khrushchev ostentatiously wooed and embraced Castro at the U.N. general assembly\
outlandishly,in an outlandish manner; \the Bavarian was outlandishly dressed in lederhosen\
outspokenly,in an outspoken manner; \he was outspokenly critical of the Government's new social policy\
overbearingly,in an overbearing manner  
overleaf,on or to the other side of a page; \data tabulated overleaf\
oversea,beyond or across the sea; \He lived overseas for many years\
overside,over the side of a boat; \Willie eased himself overside into the sea\
owlishly,in an owlish manner; \the gentle-looking barrister peered owlishly around him\
pacifistically,in a pacifistic manner; \the pacifistically inclined liberals\
painstakingly,in a fastidious and painstaking manner; \it is almost a waste of time painstakingly to learn the routines of selling\
palatably,in a palatable way  
unpalatably,in an unpalatable way; \The vegetables looked unpalatably wilted\
palely,\in a pale manner; without physical or emotional color; \his wife, always palely appealing\  \
pallidly,in a manner lacking interest or vitality; \a palely entertaining show\
parentally,in a parental manner  
parenterally,by parenteral means; \the drug is intended to be administered parenterally\
parenthetically,in a parenthetical manner; \he added parenthetically that he would not attend the wedding ceremony\
parochially,in a parochial manner; \parochially narrow in his outlook\
by,so as to pass a given point; \every hour a train goes past\
patchily,in spots  
paternally,in a paternal manner; \he behaves very paternally toward his young bride\
pathetically,arousing scornful pity; \they had pathetically little money\; \it was pathetically bad\
pathetically,in a manner arousing sympathy and compassion; \the sick child cried pathetically\
patriotically,\in a patriotic manner; \patriotically, he buys only U.S.-made products\  \
unpatriotically,in an unpatriotic manner; \unpatriotically he contrived a way of avoiding military service\
peaceably,in a peaceable manner; \the tenant paying the rent hereby reserved and performing the several covenants herein on his part contained shall peaceably hold and enjoy the demised premises\
pedantically,\in a pedantic manner; \these interpretations are called \schemas' or, more pedantically, \schemata'\  \
peevishly,in a peevish manner  
pejoratively,in a pejorative manner; \I am not using the word pejoratively\
penetratingly,with ability to see into deeply; \the author treats his subject penetratingly\
pensively,in a pensive manner; \pensively he stared at the painting\
penuriously,in a penurious manner; \they lived penuriously\
perceptively,in a perceptive manner  
perceptually,with regard to perception; \this task is perceptually very difficult\
perfidiously,in a perfidious manner; \he was playing perfidiously one side against the other\
perkily,\in a perky manner; \stuck perkily, like a bustle on a woman's skirt\  \
perpendicularly,in a perpendicular manner; \this red line runs perpendicularly to the green line\
perplexedly,in a perplexed manner; \he looked at his professor perplexedly\
persistently,\in a persistent manner; \he was asking questions, unavoidable questions, persistently...\  \
persuasively,in a persuasive manner; \this essay argues so persuasively...\
pertinaciously,in a dogged and pertinacious manner; \he struggled pertinaciously for the new resolution\
pertinently,\in a pertinent way; \what is singular about his use of them is that no other artist, of his time or any other, has painted them so directly, intimately and pertinently\  \
pervasively,in a pervasive manner  
pettily,in a petty way  
pharmacologically,\with regard to pharmacology; \pharmacologically, this plant could have important applications\  \
phenomenally,to a phenomenal degree; \his reaction was phenomenally quick\
philanthropically,in a philanthropic manner  
philatelically,in a philatelic manner; \the Post Office honors great Americans philatelically\
phlegmatically,in a phlegmatic manner; \he accepted the decision phlegmatically\
picturesquely,in a picturesque manner; \in the building trade such a trader is picturesquely described as a \brass plate' merchant\
piercingly,extremely and sharply; \it was bitterly cold\; \bitter cold\
piggishly,\in a piggish manner; \piggishly, he took two pieces of cake\  \
pinnately,having a pinnate shape; \a pinnately compound leaf\
piping,(used of heat) extremely; \the casserole was piping hot\
piquantly,with strong spices; in a spicy manner; \the soup was spicily flavored\
placidly,\in a placid and good-natured manner; \I put the questions, and she answered them placidly\  \
placidly,in a quiet and tranquil manner; \the sea now shimmered placidly before our eyes\
pizzicato,with a light plucking staccato sound  
point-blank,in a direct and unequivocal manner; \I asked him point-blank whether he wanted the job\
posthumously,after death; \these piano pieces were published posthumously\; \he was honored posthumously\
prestissimo,extremely fast; as fast as possible; \this passage should be played prestissimo\
rallentando,slowing down; \this passage should be played rallentando\
recognizably,to a recognizable degree; \he was recognizably slimmer now\
unrecognizably,beyond recognition; in an unrecognizable manner; \he had unrecognizably aged\
regretfully,with regret (used in polite formulas); \I must regretfully decline your kind invitation\
piratically,in a piratical manner; \the piratically published edition of his book\
piteously,in a piteous manner  
pithily,in a pithy sententious manner; \she expressed herself pithily\
pitifully,\to a pitiful degree; \wages were pitifully low, particularly the wages of women\  \
placatingly,in a placating manner; \Jenny smiled placatingly\
plaguey,in a disagreeable manner; \it's so plaguey cold!\
plaintively,in a plaintive manner; \the last note of the song rang out plaintively\
playfully,in a playful manner; \she loosened the half-hoop of diamonds on her left hand third finger and held it out to him playfully\
pleasingly,in a pleasing manner; \the room was pleasingly large\
plenarily,in a plenary manner; \an empire destined to enter the Commonwealth plenarily\
ploddingly,in a plodding manner; \this writer ploddingly accumulates detail after detail\
plop,with a short hollow thud; \plop came the ball down to the corner of the green\
plump,straight down especially heavily or abruptly; \the anchor fell plump into the sea\; \we dropped the rock plump into the water\
pneumatically,in a pneumatic manner; \at the present time the transmission is very often done hydraulically or pneumatically\
pointlessly,in a pointless manner; \he spent his life in pointlessly tiresome drudgery\
poisonously,in a very malevolent manner  
pluckily,in a plucky manner; \he was Brentford's defensive star in pluckily holding out the determined Reading raids for long periods\
plumb,conforming to the direction of a plumb line  
ponderously,in a heavy ponderous manner; \he moves ponderously\
ponderously,in an uninterestingly ponderous manner; \the play was staged with ponderously realistic sets\
pop,like a pop or with a pop; \everything went pop\
popishly,like the Pope; in a popish manner  
portentously,\in a portentous manner; \portentously, the engines began to roll\  \
possessively,\in a possessive manner; \he was sleeping, one arm flung possessively across his wife\  \
potently,in a manner having a powerful influence; \Clytemnestra's ghost crying in the night for vengeance remained most potently in the audience's mind\
poutingly,with a pout or in a pouting manner  
powerfully,in a powerful manner; \the federal government replaced the powerfully pro-settler Sir Godfrey Huggins with the even tougher and more determined ex-trade unionist\
powerlessly,in a powerless manner  
practicably,in a practicable manner; so as to be feasible  
pragmatically,\in a realistic manner; \we want to build a democratic society, but we must act pragmatically\  \
pre-eminently,to a preeminent degree; with superiority or distinction above others; in a preeminent manner; \a wide variety of pre-eminently contemporary scenes\
precariously,in a precarious manner; \being a precariously dominant minority is a difficult position for human nature to cope with\
precious,extremely; \there is precious little time left\
precipitously,abruptly; in a precipitous manner; \the mountains rose precipitously from the shore\
precipitously,very suddenly and to a great degree; \conditions that precipitously increase the birthrate\; \prices rose sharply\
precociously,in a precocious manner; \her child behaves precociously\
predictably,\in a predictable manner or to a predictable degree; \predictably, he did not like the news\  \
prematurely,too soon; in a premature manner; \I spoke prematurely\
prematurely,(of childbirth) before the end of the normal period of gestation; \the child was born prematurely\
presciently,\with foresight; \more presciently than they superiors, these workers grasped the economic situation\  \
carnally,in a carnal manner  
presentably,in a presentable manner; \years ago in her white-painted infancy it must have hung presentably on the deck of some luxury liner\
pressingly,in a pressing manner  
presumptuously,in a presumptuous manner; \he presumptuously overstepped the doctor's orders\
pretentiously,in a pretentious manner; \this author writes pretentiously\
unpretentiously,in an unpretentious manner; \she was unpretentiously dressed even though she was the guest of honor\
preternaturally,in a supernatural manner; \she was preternaturally beautiful\
prettily,in a pretty manner; \all this is most prettily done\
priggishly,in a priggish manner; \this professor acts so priggishly--like a moderator with a gavel!\
primly,in a prissy manner; \the new teacher alienates the children by behaving prissily\
primitively,in a primitive style or manner; \rather primitively operated foundries\
probabilistically,by the use of probability theory; \we can calculate the position of the particles probabilistically\
problematically,in such a way as to pose a problem  
warmly,in a warm manner; \warmly dressed\; \warm-clad skiers\
wastefully,to a wasteful manner or to a wasteful degree; \we are still prodigally rich compared to others\
prodigiously,to a prodigious degree; \the prices of farms rose prodigiously\
profanely,in an irreverent or profane manner; \he kept wondering profanely why everything bad happened to him\
profanely,with curses; \muttering profanely\
proficiently,in a proficient manner; \he dealt proficiently with the problem\
profitlessly,without gain or profit  
prohibitively,to a prohibitive degree; \it is prohibitively expensive\
promiscuously,in an indiscriminate manner; \she reads promiscuously\
promisingly,in an auspicious manner; \the afternoon had begun so promisingly\
prosaically,in a matter-of-fact manner; \I applied my attention prosaically to my routine\
prosily,in a prosy manner; \somewhat prosily and repetitively expounded\
proverbially,\in the manner of something that has become a byword; \this proverbially bitter plant, wormwood\  \
providentially,in a providential manner; as determined by providence; \his providentially destined role\
providentially,in a fortunately providential manner; \providentially the weather remained good\
provocatively,\in a provocative manner; \\Try it,' he said provocatively\  \
prudishly,\in a prudish manner; \she acts prudishly, but I wonder whether she is really all that chaste\  \
pruriently,in a prurient manner  
pryingly,\in a curious and prying manner; \\Do you have a boyfriend,' she asked her prospective tenant pryingly\  \
psychologically,with regard to psychology; \war that caught them in its toils either psychologically or physically\; \the event was very damaging to the child psychologically\
psychologically,in terms of psychology; \classify poetry psychologically\
pugnaciously,in a pugnacious manner  
punctiliously,\in a punctilious manner; \he launched into a long history of the birth of communism, giving credit punctiliously to the work of Marx and Engels\  \
pungently,with a pungent taste or smell; \the soup was pungently flavored\
pungently,with pungency; in a pungent manner; \he wrote pungently about his contemporaries\
punily,in a puny manner  
punishingly,in a punishing manner  
punitively,in a punishing manner  
purposefully,\in a purposeful manner; \he caught the motorcycles in the full glare of his headlights, braked and slipped purposefully out of the car\  \
purposelessly,without a clear purpose; \let's not purposelessly dispense the aid\
quaintly,in a quaint old-fashioned manner; \the room was quaintly furnished\
quaintly,in a strange but not unpleasant manner; \the old lady expressed herself somewhat quaintly\
qualitatively,in a qualitative manner; \this discoloration qualitatively suggests that the substance is low in inorganic iron\
quarterly,in diagonally opposed quarters of an escutcheon; \two coats of arms borne quarterly\
queasily,\in a queasy manner; \\Do I have to remove the liver,' the medical student asked queasily\  \
queerly,in a questionably unusual manner; \this money had been queerly come by\
queerly,in a strange manner; \a queerly inscribed sheet of paper\
unquestionably,without question; \Fred Winter is unquestionably the jockey to follow\; \they hired unimpeachably first-rate faculty members\
questionably,in a questionable and dubious manner; \these were estates his father questionably acquired\
questioningly,in a quizzical and questioning manner; \they looked quizzically at the doctor\
restfully,in a restful manner; \the streets are restfully sunny and still for the town is at mass\
quixotically,\in a quixotic manner; \sent to jail for two years, he has quixotically refused to clear himself by betraying his colleagues\  \
racily,in a racy manner; \racily vernacular language\
radially,in a radial manner; \an imaginative dispersal of the pews radially from the central focus of the pulpit\
radiantly,in a radiant manner; \the bride smiled radiantly\
raggedly,\with a ragged and uneven appearance; \a long beard, raggedly cut\  \
raggedly,in a ragged irregular manner; \a stone wall trails raggedly through the woods\
raggedly,\in a ragged uneven manner; \I took the cigarette he offered, drawing at it raggedly\  \
rampantly,in an uncontrolled and rampant manner; \weeds grew rampantly around here\
rapaciously,in a rapacious manner  
raving,in a raving manner; \raving mad\
ravishingly,in a ravishing manner or to a ravishing degree; \she was ravishingly beautiful\
reassuringly,in a reassuring manner; \the prime minister pointed reassuringly to the silence of the British press\
rebukingly,in the manner of someone delivering a rebuke  
receptively,in a receptive manner  
reflectively,in a reflective manner; \he watched her reflectively\
refreshingly,in a pleasantly novel manner; \she was refreshingly free from shyness\
refreshingly,in a manner that relieves fatigue and restores vitality; \the air was refreshingly cool\
regally,in a regal manner; \a regally appropriate representative\
relevantly,with relevance  
reminiscently,in a reminiscent manner; \she spoke reminiscently of her days in college\
remotely,to a remote degree; \it is remotely possible\
remotely,\in a remote manner; \when the measured speech of the chorus passes over into song the tones are, remotely but unmistakably, those taught by the orthodox liturgy\  \
repellently,in a repellent manner; \repellently fat\
repetitively,in a repetitive manner; \this type of border display is used repetitively in advertising\
reputedly,by repute; according to general belief; \fish with reputedly poisonous flesh\
resentfully,\with resentment; in a resentful manner; \the best doctors would stay resentfully out of the national service, refusing to become the minions of a Minister\  \
reservedly,with reserve; in a reserved manner  
resignedly,\with resignation and acceptance; in a resigned manner; \resignedly, I telegraphed back that it was all right with me if he insisted\  \
ripely,with mature or developed appearance  
resoundingly,in a resounding manner; \he then so resoundingly denounced his former friend\
resourcefully,in a resourceful manner  
respectably,in a decent and morally reputable manner; \the film ends with the middle-aged romancers respectably married\
respectably,to a tolerably worthy extent; \he did respectably well for his age\
restrictively,in a restrictive manner; \this relative clause is used restrictively\
retail,at a retail price; \I'll sell it to you retail only\
wholesale,at a wholesale price; \I can sell it to you wholesale\
retentively,in a retentive manner  
reticently,with reticence; in a reticent manner; \she answered the questions reticently\
retrospectively,\in a manner contemplative of past events; \retrospectively, he seems like a great artist\  \
revengefully,\in a vindictive, revengeful manner; \he plotted vindictively against his former superiors\  \
reverentially,with reverence; in a reverent manner; \he gazed reverently at the handiwork\
reversely,in an opposite way; so as to be reversed  
rhetorically,in a rhetorical manner; \\What can be done?' he asked rhetorically\
right-down,positively; \a regular right-down bad 'un\--Charles Dickens  
righteously,in a righteous manner; \righteously indignant\
unrighteously,in an unrighteous manner; \he acted unrighteously\
riskily,in a dangerously risky manner; \he lost the game by playing too riskily\
roaring,extremely; \roaring drunk\
robustly,in a robust manner; \he was robustly built\
roguishly,in a playfully roguish manner; \he winked at her roguishly\
roguishly,like a dishonest rogue; \he roguishly intended to keep the money\
romantically,in a romantic manner; \they were romantically linked\
roomily,with ample room; \the furniture was spaciously spread out\
rotationally,\in a rotational manner; \the required influence lines are found by subjecting the model to small displacements horizontally, vertically and rotationally\  \
sonorously,\in a sonorous manner; \the congregation consisted chiefly of a few young folk, who snored sonorously\  \
round-arm,with an outward or horizontal swing of the arm; \he hit the ball round-arm\
rowdily,in a rowdy manner; \the crowd got drunk and started to behave rowdily\
ruinously,in a ruinous manner or to a ruinous degree; \ruinously high wages\
ruthlessly,in a ruthless manner; \the government has been urged to take immediate action to deal ruthlessly with the strikers\
sarcastically,\in a sarcastic manner; \\Ah, now we're getting at the truth,' he interposed sarcastically\  \
scandalously,in a scandalous manner; \you behaved scandalously when you walked out of that meeting!\
scathingly,in a scathing and unsparing manner; \she criticized him scathingly\
sceptically,with scepticism; in a sceptical manner; \he looked at her sceptically\
schematically,in a schematic manner; \schematically outlined\
scorching,capable of causing burns; \it was scorching hot\
screamingly,to an extreme degree; \screamingly funny\
scurrilously,in a scurrilously manner; \one paper scurrilously described how Edward was neglecting a bereaved mother to dance attendance on Wally\
searchingly,\in a searching manner; \\Are you really happy with him,' asked her mother, gazing at Vera searchingly\  \
seasonally,depending on the season; \prices are seasonally adjusted\
coastward,in the direction of the coast  
seaward,in the direction of the sea; \the sailor looked seaward\
second-best,in second place; \he came off second-best\
second_class,by second class conveyance; \we traveled second class\
secretively,\in a secretive manner; with a preference for secrecy; \the teacher raised a hand to him, slightly and secretively, because he was her favorite\  \
sedately,in a sedate manner  
seductively,in a tempting seductive manner; \she smiled at him seductively\
selectively,by selection; in a selective manner; \we choose our students very selectively\
self-consciously,in an uncomfortably self-conscious manner; \the little girl self-consciously recited the poem\
unselfconsciously,\in a comfortable unselfconscious manner; \they were naked, unshy, and unselfconsciously beautiful\  \
self-evidently,in a self-evident manner  
sensationally,in a sensational manner; \in the summer of 1958 the pianist had a sensationally triumphant return\
senselessly,in a meaningless and purposeless manner; \these innocent bystanders were senselessly killed\
sensuously,with aesthetic gratification or delight; \sensuously delighting in the wine and food\
voluptuously,in an indulgently voluptuous manner; \he sniffed the perfume voluptuously\
sensually,in a sultry and sensual manner; \the belly dancer mover sensually among the tables\
sentimentally,\in a sentimental manner; \\I miss the good old days,' she added sentimentally\  \
unsentimentally,\in an unsentimental manner; \unsentimentally, she threw out her dead son's toys\  \
separably,with possibility of separation or individuation; \the two ideas were considered separably\
inseparably,without possibility of separation; \these two are inseparably linked\
serenely,\in a peacefully serene manner; \I had the feeling that he was waiting, too--serenely patient\  \
sevenfold,seven times; \the population of this village increased sevenfold in the past 100 years\
seventhly,\in the seventh place; \seventhly, you have no right to cancel the lease in mid-year\  \
independently,apart from others; \the clothes were hung severally\
shabbily,in a mean and ungenerous manner; \the two were haggling shabbily in the drawing-room\
shabbily,so as to appear worn and threadbare or dilapidated; \a shabbily dressed man\
shaggily,in a shaggy manner; \shaggily unkempt mane\
shakily,\in a manner characterized by trembling or shaking; \\I--I'm going to make you a cup of tea', she explained shakily\  \
shakily,in an insecurely shaky manner; \this theory is rather shakily supported by some obscure data\
shallowly,in a shallow manner  
shambolically,in a shambolic manner  
shamefacedly,\in a shamefaced manner; \quarrels and dissensions ensued among the cast, most of whom hurriedly and shamefacedly handed over their parts to understudies\  \
shapelessly,in a shapeless manner; \the dress hung shapelessly on her thin body\
sheepishly,in a sheepish manner; \sheepishly he handed her back the money\
sheer,directly; \he fell sheer into the water\
sheer,straight up or down without a break  
shiftily,in a shifty manner; \he looked at his new customer shiftily\
shockingly,so as to shock the feelings  
shockingly,extremely; \teachers were shockingly underpaid\
shoddily,in a shoddy manner; \a shoddily built house\; \he treated her shoddily\
short,at a disadvantage; \I was caught short\
short,so as to interrupt; \She took him up short before he could continue\
short,at some point or distance before a goal is reached; \he fell short of our expectations\
short,clean across; \the car's axle snapped short\
short,without possessing something at the time it is contractually sold; \he made his fortune by selling short just before the crash\
shudderingly,\with a shudder; \shudderingly, she acknowledged to herself that she dared not face what lay before her\  \
sidesaddle,on or as if on a sidesaddle; \she rode sidesaddle\
broadside,with a side facing an object; \the train hit the truck broadside\; \the wave caught the canoe broadside and capsized it\
sidelong,\to, toward or at one side; \darting eyes looking sidelong out of a wizened face\  \
sidelong,with the side toward someone or something; \seated sidelong to the window\- Nathaniel Hawthorne  
sidelong,on the side; \the plow lay sidelong on the ground\
sideward,toward one side; \turn the figure sideward\
sideways,toward one side; \the car slipped sideways into the ditch\; \leaning sideways\; \a figure moving sidewise in the shadows\
sideway,from the side; obliquely; \a picture lit sideways\; \scenes viewed sidewise\
sideways,with one side forward or to the front; \turned sideways to show the profile\; \crabs seeming to walk sidewise\
signally,in a signal manner; \signally inappropriate methods\
signally,as a signal; \a term that is used signally rather than symbolically\
silkily,\in a silky manner; \the young wheat shone silkily\; \\Darling,' she said silkily\  \
pusillanimously,\with a lack of courage and determination; \simperingly, the accused begged for mercy\  \
single-mindedly,in a single-minded manner  
singularly,in a singular manner or to a singular degree; \Lord T. was considered singularly licentious even for the courts of Russia and Portugal; he acquired three wives and fourteen children during his Portuguese embassy alone\
sixthly,\in the sixth place; \sixthly, we cannot afford a vacation\  \
sketchily,in a sketchy incomplete manner; \he explained sketchily\; \the dishes were only sketchily washed\
skillfully,\with skill; \fragments of a nearly complete jug, skillfully restored at the institute of archaeology\  \
skimpily,in a skimpy manner; \a skimpily dressed woman\
skittishly,in a skittish manner; \the horse pranced around skittishly\
sky-high,to a very high level; \prices have gone sky-high\; \garbage was piled sky-high\; \the men were flung sky-high by the explosion\
sky-high,in a lavish or enthusiastic manner; \he extolled her virtues sky-high\
sky-high,(with verb \to blow') destroyed completely; blown apart or to pieces; \they blew the bridge sky-high\; \the committee blew the thesis sky-high\
slanderously,in a false and slanderous and defamatory manner; with slander or calumny  
slangily,with slang; in a slangy manner; \he expresses himself slangily\
slantingly,with a slant  
slantwise,at a slant; moving or directed in a slantwise position or direction  
slam-bang,with heedless speed; \yachts ran slap-bang into the convoy at 15 knots an hour\
slap-bang,directly or immediately; \it hit slap-bang in the middle\
slavishly,in a slavish manner; \his followers slavishly believed in his new diet\
sleekly,in a sleek glossy manner; \the wet road was shining sleekly\
sleepily,in a sleepy manner; \the two children who were snuggled sleepily in the back of the car\
sleeplessly,without sleep; in a sleepless manner; \he was lying in bed sleeplessly\
slenderly,in a slim or slender manner; \a slenderly built woman\; \slightly built\
smoothly,\in a smooth and diplomatic manner; \\And now,' he said smoothly, \we will continue the conversation'\  \
sloppily,in a sloppy manner; \this work was done rather sloppily\
slouchingly,with a slouching gait or posture; \he stood slouchingly at the garden gate\
slouchily,in a slouchy manner; \slouchily dressed\
smash,with a loud crash; \the car went smash through the fence\
smilingly,with smiles; in a smiling manner; \the girl reminded her smilingly of their childhood spent together\
unsmilingly,\without smile; in an unsmiling manner; \unsmilingly, he greeted his in-laws\  \
smugly,in a smug manner; \the bureaucrats explained smugly that the facts provided by their own experts show no cause for concern\
smuttily,in a smutty manner  
snappishly,\in an ill-natured and snappish manner; \\Don't talk to me now,' she said snappishly\  \
sneakingly,in a sneaky manner; \I always felt sneakingly that I wanted to be a concert pianist\
sneeringly,\with a sneer; in an uncomplimentary sneering manner; \\I don't believe in these customs,' he said sneeringly\  \
snobbishly,in a snobbish manner; \they snobbishly excluded their less wealthy friends from the party\
sobbingly,\with sobs; \sobbingly, the teenager admitted killing the baby\  \
sociably,\in a sociable manner; \sociably, the new neighbors invited everyone on the block for coffee\  \
unsociably,in an unsociable manner; \the new neighbors behave quite unsociably\
sociologically,\with regard to sociology; \sociologically speaking, this is an interesting phenomenon\  \
solicitously,in a concerned and solicitous manner; \\Don't you feel well?' his mother asked solicitously\
solitarily,in solitude; \a hermit chooses to live solitarily\
somberly,\in a somber manner; \\That's sure bad news,' said Dowd, somberly\  \
soothingly,in a soothing manner; \the mother talked soothingly to her child\
soaking,extremely wet; \dripping wet\; \soaking wet\
sordidly,in a sordid or squalid way  
sorely,to a great degree; \I missed him sorely\; \we were sorely taxed to keep up with them\
sorrowfully,in a sorrowful manner  
sottishly,in a sottish manner  
soullessly,in a soulless manner; \they were soullessly grubbing for profit\
noiselessly,without a sound; \he stood up soundlessly and speechlessly and glided across the hallway and through a door\
sourly,in a sour manner; \he complained sourly that the new rules only benefitted the managers\
southerly,from the south; \a wind blew southerly\
southerly,toward the south; \the ship turned southerly\
sparely,in a spare manner; \William held me longest with his recent bronzes sparely arranged at Waddington's galleries\
sparsely,in a sparse manner; \sparsely inhabited\
spasmodically,in spurts and fits; \I began to write intermittently and spasmodically\
spasmodically,\with spasms; \the mouth was slightly open, and jerked violently and spasmodically at one corner\  \
speciously,in a specious manner  
spectrographically,by spectrographic means; \the speech spectrum was displayed spectrographically\
speechlessly,without speaking; \he stood up soundlessly and speechlessly and glided across the hallway and through a door\
spirally,with spirals; \spirally fluted handles\
sportingly,so as to be sporting; in a sporting manner  
unsportingly,in an unsportsmanlike manner  
unsuspectingly,without suspicions; \he was sitting unsuspectingly beyond that wall only a few yards from the burglar\
spotlessly,in a spotless manner; \spotlessly clean\
trimly,in a trim manner; \he was trimly attired\
spuriously,in a false and spurious manner; \the lawyer argued spuriously that his client knew nothing of the burglary\
squeamishly,\in a squeamish manner; \\I would rather not touch,' he said squeamishly\  \
stagily,\in a stagy and theatrical manner; \\I cannot show my face at her house,' he declared theatrically\  \
standoffishly,\in a standoffish manner; \standoffishly, he declined the invitation to the office party\  \
stark,completely; \stark mad\; \mouth stark open\
starkly,in a blunt manner; \in starkly realistic terms\
starkly,in sharp outline or contrast; \the black walls rose starkly from the snow\
starkly,in a stark manner; \He was starkly unable to achieve coherence\
startlingly,in a startling manner; \a startlingly modern voice\
statutorily,according to statute; \placed statutorily under the council's supervision\
staunchly,in a staunch manner; \he staunchly defended his principles\
steeply,in a steep manner; \the street rose steeply up to the castle\
stereotypically,in a stereotypical manner  
stertorously,in a noisy and stertorous manner; \he was breathing stertorously\
stickily,in a sticky viscid manner; \he felt the blood move stickily from his split scalp and trickle down his forehead\
stiff,extremely; \bored stiff\; \frightened stiff\
stiltedly,in a stilted manner; \she answered him stiltedly\
stingily,in a stingy manner; \their rich uncle treated them rather chintzily\
stirringly,in a stirring manner; \he talked stirringly about his days during the war\
stochastically,by stochastic means; \we estimated the answer stochastically\
straightway,in a direct course; \plunged straightway to the rocks below\
straightway,at once; \straightway the clouds began to scatter\
thereabout,near that place; \he stayed in London or thereabouts for several weeks\
thereabout,near that time or date; \come at noon or thereabouts\
thereinafter,\in the following part of a given matter, as in a document or speech  \
thereof,of or concerning this or that; \a problem and the solution thereof\
therewith,\with that or this or it; \I have learned that whatever state I am, therewith to be content\- Phil.4:11  \
therewithal,together with all that; besides; \thy slanders I forgive; and therewithal remit thy other forfeits\- Shakespeare  
stockily,so as to be stocky; \he was stockily built\
stoically,without emotion; in a stoic manner; \he stoically accepted all suffering\
stonily,in a stony manner; \stonily indifferent to time\
strategically,with regard to strategy; \strategically important decisions\
stridently,in a strident manner; \the cheap clock ticked stridently\
strictly,in a stringent manner; \the laws are stringently enforced\; \stringently controlled\
stuffily,\in a stuffy manner; \\Come in please,' he said stuffily\  \
stupendously,to a stupendous degree; \stupendously ignorant people\
sturdily,in a sturdy manner; \feet sturdily apart\
stylishly,in a stylish manner; \she was dressed very stylishly\
stylistically,in a rhetorically stylistic manner; \stylistically complex\
suavely,with suavity; in a suave manner; \he is suavely charming and all the ladies love him\
sublimely,\completely; in a lofty and exalted manner; \awaking in me, sublimely unconscious, interest and energy for tackling these tasks\  \
subtly,\in a subtle manner; \late nineteenth-century French opera at its most beautiful, subtly romantic with a twilight melancholy\  \
romantically,in a romantic manner; \she fantasized romantically about eloping with her boyfriend\
unromantically,\without romance; in an unromantic manner; \we got married, rather unromantically, in a dingy office in the town hall\  \
sulkily,in a sulky manner; \\What else could I do?' said Graham sulkily\
summarily,without delay; in a summary manner; \the suspected spy was summarily executed\
superfluously,\in a superfluous manner; \superfluously, he added his silly comments to the discussion\  \
superlatively,to a superlative degree  
superstitiously,in a superstitious manner; \superstitiously he refused to travel on Friday the 13th\
supinely,in an indifferently supine manner; \he called the tune to me and I supinely took it up\
supinely,with the face upward; \she was stretched supinely on her back\
surreptitiously,in a surreptitious manner; \he was watching her surreptitiously as she waited in the hotel lobby\
surpassingly,to a surpassing degree; \she was a surpassingly beautiful woman\
surprisedly,in the manner of one who is surprised  
sweepingly,in a sweeping manner; \he sweepingly condemned the entire population of the country for the war crimes\
sweetly,in an affectionate or loving manner (\sweet' is sometimes a poetic or informal variant of \sweetly'); \Susan Hayward plays the wife sharply and sweetly\; \how sweet the moonlight sleeps upon this bank\- Shakespeare; \talking sweet to each other\
synchronously,\in synchrony; in a synchronous manner; \in four-chambered hearts, the two auricles move synchronously\  \
synthetically,by synthesis; in a synthetic manner; \some of these drugs have been derived from opium and others have been produced synthetically\
tacitly,in a tacit manner; by unexpressed agreement; \they are tacitly expected to work 10 hours a day\
tactfully,showing tact or tactfulness; in a tactful manner; \he stepped tactfully in to prevent trouble\
tactlessly,\without tact; in a tactless manner; \at the moment of the murder, he is standing in front of television cameras and talking tactlessly\  \
tactically,with regard to tactics; \the tactically useful province is still firmly in the rebels' hands\
tamely,in a tame manner; \the labour movement allowed itself to be run out of power tamely\
tangibly,in a tangible manner; \virtue is tangibly rewarded\
tartly,\in a tart manner; \\Never mind your immortal soul,' she said tartly\  \
tastefully,with taste; in a tasteful manner; \the house was tastefully decorated\
tastelessly,without taste or in poor taste; in a tasteless manner; \the house was tastelessly decorated\
tastily,in a tasty manner; \the meal was tastily cooked\
tauntingly,\in a playfully teasing manner; \\You hate things to be out of order, don't you?' she said teasingly\  \
tautly,in a taut manner; \the rope was tautly stretched\
tearfully,with tears; in a tearful manner; \the man confessed tearfully to having beaten his wife\
telegraphically,\in a short and concise manner; \a particular bird, exactly and tersely described in the book of birds\  \
telescopically,in a telescopic manner; \each of the four legs contains a simple screw jack with a thrust bearing that is operated telescopically inside of two tubes\
tellingly,in a telling manner; \the plain manner of its style all the more tellingly points up the horror of the case\
temperately,without extravagance; \these preferences are temperately stated\
temperately,with restraint; \he used the privileges of his office temperately\
tendentiously,in a tendentious manner; \the paper reported rather tendentiously on the war atrocities\
tenderly,with tenderness; in a tender manner; \tenderly she placed her arms round him\
tenthly,\(in enumerating something, such as topics or points of discussion) in the tenth place  \
tetchily,in an ill-natured and tetchy manner; \\Are you sure?' he asked her tetchily\
theologically,\in a theological manner; \he dealt with the problem of evil theologically, not philosophically\  \
theologically,as regards theology; \the candidate was found theologically sound\
thermostatically,by thermostat; in a thermostatic manner; \the temperature is thermostatically controlled\
traditionally,\according to tradition; in a traditional manner; \traditionally, we eat fried foods on Hanukah\  \
thick,in quick succession; \misfortunes come fast and thick\
thinly,in a widely distributed manner; \thinly overgrown mountainside\
thickly,spoken with poor articulation as if with a thick tongue; \after a few drinks he was beginning to speak thickly\
thickly,\with thickness; in a thick manner; \spread 1/4 lb softened margarine or cooking fat fairly thickly all over the surface\; \we were visiting a small, thickly walled and lovely town with straggling outskirt\  \
thinly,in a small quantity or extent; \spread the margarine thinly over the meat\; \apply paint lightly\
thinly,without viscosity; \the blood was flowing thin\
thinly,without force or sincere effort; \smiled thinly\
thickly,with a thick consistency; \the blood was flowing thick\
thirstily,in a thirsty manner; \we drank thirstily from the bottle that was passed around\
thriftily,in a thrifty manner; \a used towel that he had used and had left thriftily on the ledge below the mirror rather than consign to the linen basket\
thriftlessly,in a thriftless manner; \he lives thriftlessly from day to day\
through,over the whole distance; \this bus goes through to New York\
through,in diameter; \this cylinder measures 15 inches through\
through,from beginning to end; \read this book through\
through,to completion; \think this through very carefully!\
timorously,in a timorous and trepid manner  
tip-top,to the highest extent; \the shoes fit me tip-top\
tiptoe,on tiptoe or as if on tiptoe; \standing tiptoe\
tomorrow,\the next day, the day after, following the present day  \
tonelessly,\in a monotone; \\Come in,' she said tonelessly\  \
topographically,with regard to topography; \the geological environment is the primary factor in determining the character of a country not only topographically but historically\
tortuously,in a tortuous manner; \tortuously haggling over the price\
tortuously,with twists and turns  
touchily,in a touchy manner; \he touchily refused all offers to help\
toughly,in a ruggedly tough manner; \toughly vigorous story-telling\
transcendentally,in a transcendental way or to a transcendental extent  
transiently,for a very short time; \these three pions may actually be joined together transiently as a compound particle during the interchange process\
transitionally,as a transitional step or in a transitional manner  
transitorily,for a very brief time  
transparently,so as to allow the passage of light; \the red brilliance of the claret shines transparently in our glasses\
transparently,so as to be easily understood or seen through; \his transparently lucid prose\; \his transparently deceitful behavior\
tremulously,in a tremulous manner; \the leaves rustled tremulously in the wind\
trenchantly,in a vigorous and effective manner; \he defended his client's civil rights trenchantly\
tritely,in a trite manner; \tritely expressed emotions\
trivially,in a frivolously trivial manner; \trivially motivated requests\
trivially,with little effort; \we can prove trivially that this theorem is false\
tropically,in a tropical manner; \it was tropically hot in the greenhouse\
truculently,in a defiantly truculent manner; \the boy looked up truculently at his teacher\
truculently,in an aggressively truculent manner; \they strive for security by truculently asserting their own interests\
tumultuously,in a tumultuous and riotous manner; \the crowd was demonstrating tumultuously\
turbulently,in a turbulent manner; with turbulence; \the river rolls turbulently boiling\
tutorially,by tutorials; in a tutorial manner; \undergraduates are better taught tutorially\
typographically,in a typographic way  
ultra_vires,beyond the scope or in excess of legal power or authority  
unaccountably,\in an unaccountable manner; \in the book, a tycoon unaccountably becomes the hero's friend\  \
unalterably,in an unalterable and unchangeable manner; \his views were unchangeably fixed\
unarguably,in an unarguable and undisputed manner; \you write as if this fact whilst inarguably forever condemning me to the ranks of Bohemianism nevertheless earned for me the right of entry into any company\
unassumingly,in an unassuming manner; \she is unassumingly skeptical of her own work\
unattainably,in an unattainable manner or to an unattainable degree; \this house is unattainably expensive\
unawares,\suddenly and unexpectedly; \rain caught them unawares\; \sorrow comes to all, and to the young it comes with bittered agony because it takes them unawares\- A.Lincoln  \
unawares,without forethought or plan; inadvertently; \came upon the diamond unawares\
unbearably,to an unbearable degree; \it was unbearably hot in the room\
unbeknown,\without someone's knowledge; \unbeknownst to me, she made all the arrangements\  \
unblushingly,without blushing; \his principal opponent unblushingly declared victory before the ballots had been counted\
uncannily,in an uncanny manner; \uncannily human robots\
uncertainly,showing lack of certainty; \he paused uncertainly\
unchivalrously,\in an unchivalrous and ungallant manner; \unchivalrously, the husbands who had to provide such innocent indulgences eventually began to count the costs\  \
uncommonly,exceptionally; \a common remedy is uncommonly difficult to find\
uncompromisingly,in an uncompromising manner  
undesirably,in an undesirable manner; \he was unwantedly friendly\
uninvitedly,without invitation; \the women arrived uninvitedly\
unwontedly,in an unusual manner  
unconcernedly,\in an unconcerned manner; \war was breaking out in Europe, but she unconcernedly planned for a holiday\  \
uncontrollably,in an uncontrolled manner; \she laughed uncontrollably\
uncouthly,\in an uncouth manner; \uncouthly, he told stories that made everybody at the table wince\  \
unctuously,in an unctuous manner  
undeniably,to an undeniable degree or in an undeniable manner; \she is undeniably the most gifted student in the class\
under,further down; \see under for further discussion\
under,down below; \get under quickly!\
under,below the horizon; \the sun went under\
under,below some quantity or limit; \fifty dollars or under\
under,in or into a state of subordination or subjugation; \we must keep our disappointment under\
under,\down to defeat, death, or ruin; \their competitors went under\  \
under,into unconsciousness; \this will put the patient under\
under,through a range downward; \children six and under will be admitted free\
underarm,with the hand swung below shoulder level; \throwing a ball underarm\
underground,beneath the surface of the earth; \water flowing underground\
underground,in or into hiding or secret operation; \the organization was driven underground\
underhandedly,\slyly and secretly; \Mean revenge, committed underhand\- John Donne; \oldline aristocratic diplomats underhandedly undermined the attempt...to align Germany with the Western democracies\- C.G.Bowers  \
underneath,under or below an object or a surface; at a lower place or level; directly beneath; \we could see the original painting underneath\; \a house with a good foundation underneath\
underneath,on the lower or downward side; on the underside of; \a chest of drawers all scratched underneath\
unduly,to an undue degree; \she was unduly pessimistic about her future\
uneventfully,in an uneventful manner; \the space shuttle landed uneventfully\
ungrammatically,in an ungrammatical manner; \this child speaks ungrammatically\
grammatically,in a grammatical manner; \this child already speaks grammatically\
unimaginably,to an unimaginable extent  
uninterruptedly,without interruption; \this pleasant state of affairs had continued peacefully and uninterruptedly for many years\
unnaturally,\in an unnatural way; \his other arm lay across his chest, unnaturally, as if placed there deliberately, for a purpose\  \
naturally,in a natural or normal manner; \speak naturally and easily\
precedentedly,with precedent  
unprecedentedly,in an unprecedented manner  
unreservedly,without reservation; \I can unreservedly recommend this restaurant!\
unrestrainedly,in an unrestrained manner  
unscrupulously,without scruples; \she unscrupulously uses her charm to make men do what she wants\
unstintingly,in an unstinting manner  
unswervingly,without swerving; in a direct and unswerving manner; \the ship travelled unswervingly through the night\
unswervingly,in a constant and steadfast manner; \an unswervingly loyal man\
untruly,\in a untrue manner; \he silenced the whisperings which connected her, untruly and unfairly, with his separation from his wife\  \
unwarrantably,\in an unwarrantable manner or to an unwarranted degree; \in this painting, the relationship of the upper part of the body to the lower is uneasy and the right thigh seems unwarrantably stressed\  \
unworthily,in an unworthy manner  
up-country,to or in the interior of a country or region; \they live upcountry\
uphill,upward on a hill or incline; \this street lay uphill\
uphill,against difficulties; \she was talking uphill\
uppermost,in or into the highest position; \the blade turned uppermost\
uppermost,\in or into the most prominent position, as in the mind; \say what comes uppermost\  \
uprightly,in an upright position  
honorably,in an honorable manner; \he acted honorably\
dishonorably,in a dishonorable manner; \he acted dishonorably\
urbanely,\in an urbane manner; \\I had tea occasionally with the Duke,' said Mr. Eggers urbanely\  \
usefully,in a useful manner; \extra money could be usefully spent on this project\
uselessly,in a useless manner; \the furniture was sitting around uselessly\
uxoriously,in a loving and uxorious manner; \he kept deferring uxoriously to Mary\
vacantly,in a vacant manner; \she was staring vacantly into the room\
vacuously,in a vacuous manner  
valiantly,with valor; in a valiant manner; \he fought valiantly until the end\
validly,with validity; in a valid manner; \this may not validly be done\
vapidly,in a vapid manner; \a vapidly smiling salesman\
variably,with variation; in a variable manner or to a variable degree; \it will be variably cloudy\
vehemently,in a vehement manner; \he vehemently denied the accusations against him\
verily,in truth; certainly; \I verily think so\; \trust in the Lord...and verily thou shalt be fed\- Ps 37:3  
vicariously,\indirectly, as, by, or through a substitute; \she enjoyed the wedding vicariously\  \
vigilantly,in a watchful manner  
vilely,in a vile manner; \his vilely spelt and illiterate letters\
virulently,in a virulent manner; \an old woman advanced a few paces to shake her fist virulently in my face\
vivace,\lively, in music; \play this section vivace!\  \
vivaciously,with vivacity; \he describes his adventures vivaciously\
voluptuously,in a shapely and voluptuous manner; \a voluptuously curved woman\
voraciously,in an eagerly voracious manner; \she reads voraciously\
voyeuristically,like a voyeur; \he sneaks voyeuristically around the swimming pool\
vulnerably,in a vulnerable manner  
waggishly,in a waggish manner  
wanly,in a weak or pale or languid manner; \she was smiling wanly\
wantonly,in a wanton manner; \the animals were killed wantonly for sport\
wealthily,with riches  
weightily,as something very heavy; \she moved weightily\
weightily,in a serious manner; \the speech was weighty and it was weightily delivered\
whacking,extremely; \a whacking good story\
wheezily,with a wheeze; \he talked wheezily\
wholeheartedly,without reserve; without reservation; \he adopted wholeheartedly some of the policies that he had previously criticized\
wholesomely,\in a wholesome manner; \the papers we found shed some valuable light on this question, wholesomely contradicting all lies\  \
whence,\from what place, source, or cause  \
wherever,where in the world  
whopping,extremely; \they all were whopping drunk\
wide,to or over a great extent or range; far; \wandered wide through many lands\; \he traveled widely\
widely,to a great degree; \her work is widely known\
wide,with or by a broad space; \stand with legs wide apart\; \ran wide around left end\
wide,far from the intended target; \the arrow went wide of the mark\; \a bullet went astray and killed a bystander\
wide,to the fullest extent possible; \open your eyes wide\; \with the throttle wide open\
willfully,in a willful manner; \she had willfully deceived me\
wishfully,in a wishful manner; \he wishfully indulged in dreams of fame\
wistfully,\in a wistful manner; \his sister would have looked beautiful in that dress, he thought wistfully, just like an angel\  \
witheringly,in a withering manner; \guns fired witheringly at the railroad cars\
wittily,in a witty manner; \he would wittily chime into our conversation\
wolfishly,in the manner of a wolf  
worryingly,in a manner to cause worry  
worriedly,\in a worried manner; \\I wonder what to do,' she said worriedly\; \he paused worriedly before calling the bank\  \
worthily,in a worthy manner; with worthiness  
worthlessly,in a worthless manner  
wrathfully,\in a wrathful manner; \he looked at her, not wrathfully now, but quizzically\  \
wretchedly,\in a wretched manner; \\I can't remember who I am,' I said, wretchedly\  \
yea,\not only so, but; \I therein do rejoice, yea, and will rejoice\  \
youthfully,in a youthful manner; \he is still youthfully enthusiastic\
zealously,in a zealous manner; \she worked zealously to raise funds for the literacy project\
zestfully,with zest; \she scrubbed the floors of the new apartment zestfully\
zigzag,in a zigzag course or on a zigzag path; \birds flew zigzag across the blue sky\
a_la_mode,with ice cream on top or on the side; \we served the apple pie a la mode\
between,in the interval; \dancing all the dances with little rest between\
aloft,in the higher atmosphere above the earth; \weather conditions aloft are fine\
aloft,at or to great height; high up in or into the air; \eagles were soaring aloft\; \dust is whirled aloft\
irreproachably,in an irreproachable and blameless manner; \she had lived blamelessly until she met this man\
bonnily,in a bonny manner  
aloft,upward; \the good news sent her spirits aloft\
aloft,at or on or to the masthead or upper rigging of a ship; \climbed aloft to unfurl the sail\
circumstantially,insofar as the circumstances are concerned; \the account was circumstantially accurate\
circumstantially,according to circumstances; \he was convicted circumstantially\
clammily,in a clammy manner  
conjugally,in a conjugal manner  
constrainedly,in a constrained manner  
convexly,in a convex way; \bulging out convexly\
concavely,in a concave way; \shaped concavely\
coordinately,in a coordinated manner  
corruptly,in a corrupt manner  
defectively,in a defective manner; \this machine functions only defectively\
dingily,in a dingy manner  
discursively,in a rambling manner  
profligately,in a dissolute way  
floridly,in a florid manner; \floridly figurative prose\
half-price,for half the price; \she bought it half-price during the sale\
imminently,in an imminent manner  
integrally,in an integral manner  
martially,in a martial manner  
ruggedly,in a rugged manner  
shrewishly,in a shrewish manner  
distinctively,in an identifiably distinctive manner; \the distinctively conservative district of the county\
philosophically,with respect to philosophy; \the movement is philosophically indebted to Rousseau\
vanishingly,so as to disappear or approach zero; \errors are vanishingly rare\
inaugurally,so as to inaugurate; \the mayor inaugurally drove the spade into the ground\
in,to or toward the inside of; \come in\; \smash in the door\
unquestioningly,in an unquestioning manner; \he followed his leader unquestioningly\
theretofore,up to that time; \they had not done any work theretofore\
acutely,in an acute manner; \she pitied her sister acutely\; \acutely aware\
demandingly,in a demanding manner; \he became demandingly dominant over the years\
heavily,in a manner designed for heavy duty; \a heavily constructed car\; \heavily armed\
specially,in a special manner; \a specially arranged dinner\
gently,in a gentle manner; \he talked gently to the injured animal\
haggardly,in a haggard manner; \she looked haggardly out of her tent\
sharply,changing suddenly in direction and degree; \the road twists sharply after the light\; \turn sharp left here\; \the visor was acutely peaked\; \her shoes had acutely pointed toes\
madly,in an uncontrolled manner; \she fought back madly\
smolderingly,\with barely repressed anger; \\I can't wait,' she answered smolderingly\  \
dandily,in a dandy manner; \she had shown her talents dandily\
in_common,sharing equally with another or others; \we have several things in common\; \in common with other companies they advertise widely\
softly,in a manner that is pleasing to the senses; \she smiled softly\
immediately,near or close by; \he passed immediately behind her\
immediately,bearing an immediate relation; \this immediately concerns your future\
directly,without anyone or anything intervening; \these two factors are directly related\; \he was directly responsible\; \measured the physical properties directly\
second_hand,from a source of previously owned goods; \I prefer to buy second hand\
in_full,referring to a quantity; \the amount was paid in full\
expansively,in an impressively expansive manner; \she managed to live rather expansively on her modest income\
homogeneously,all similarly; \the students at this college are homogeneously middle-class\
close,in an attentive manner; \he remained close on his guard\
by_rights,with reason or justice  
caudally,toward the posterior end of the body  
causally,in a causal fashion; \causally efficacious powers\
fearfully,in an alarming manner; \they were fearfully attacked\
calculatingly,in a calculating manner; \he looked at her calculatingly\
magnetically,by the use of magnetism; \magnetically contaminated material\
redly,displaying a red color; \the forge belched redly at the sky\-Adria Langley  
widely,so as to leave much space or distance between; \widely separated\
insignificantly,in an insignificant manner; \some people living insignificantly among us\
fatally,with fatal consequences or implications; \he was fatally ill equipped for the climb\
overboard,to extremes; \he went overboard to please his in-laws\
desperately,in intense despair; \the child clung desperately to her mother\
first,\before another in time, space, or importance; \I was here first\; \let's do this job first\  \
outstandingly,in an outstanding manner or to an outstanding degree; \she was outstandingly successful in her profession\
tunelessly,in a tuneless fashion; \he whistled tunelessly\
measuredly,in a deliberate unhurried manner; \she was working deliberately\
heavily,in a heavy-footed manner; \he walked heavily up the three flights to his room\
mellowingly,so as to mellow; \the rays of the sun struck the earth mellowingly\
yesterday,on the day preceding today; \yesterday the weather was beautiful\
yesterday,in the recent past; only a short time ago; \I was not born yesterday!\
after,behind or in the rear; \and Jill came tumbling after\
later,comparative of the adverb \late'; \he stayed later than you did\
on_earth,used with question words to convey surprise; \what on earth are you doing?\
unblinkingly,showing no emotion; \the convicted killer listened unblinkingly to the reading of his sentence\
luxuriously,in an indulgently luxurious manner; \she sprawled out luxuriously on the sofa\
heavily,with great force; \she hit her arm heavily against the wall\
loweringly,in a menacing or scowling way; \he looked up loweringly\
aggravatingly,in an aggravating fashion; \his hair was caught aggravatingly in the branches of the tree\
lightly,without good reason; \one cannot say such things lightly\
quaveringly,in an unsteady quavering manner; \the man began quaveringly to question the soldier\
straight,in a straight line; in a direct course; \the road runs straight\
painfully,in or as if in pain; \she moved painfully forward\; \sorely wounded\
painlessly,\without pain; \after the surgery, she could move her arms painlessly\  \
better,from a position of superiority or authority; \father knows best\; \I know better.\
significantly,in a statistically significant way; \the two groups differed significantly\
out_of_place,in a setting where one is or feels inappropriate or incongruous; \he felt out of place in the lingerie shop\
soughingly,with a soft sound; \the branches of the trees moved soughingly in the breeze\
coincidentally,happening at the same time  
very,precisely so; \on the very next page\; \he expected the very opposite\
contextually,in a manner dependent on context  
departmentally,dependent on a department  
polygonally,in a polygonal manner  
regimentally,in a regimental manner or by regiments  
residentially,used as a residence  
schismatically,in a manner that is schismatic  
viscerally,in an unreasoning visceral manner  
loosely,in a loose manner; \a union of loosely federated states\
positively,so as to be positive; in a positive manner; \she intended her remarks to be interpreted positively\
literatim,letter for letter; \the message was transcribed literatim\
nebulously,in a nebulous and indefinite manner  
northeastward,in a northeastward direction; \the river flows northeastward to the gulf\
northwestward,in a northwestward direction  
southeastward,in a southeastward direction; \the river flows southeastward to the gulf\
southwestward,in a southwestward direction  
abaxially,in an abaxial manner  
adaxially,in an adaxial manner  
adjectivally,as an adjective; in an adjectival manner  
affirmatively,in an affirmative manner  
canonically,in a canonical manner; \the deacon was canonically inducted\
cognitively,with regard to cognition; \cognitively skillful\
complexly,in a complex manner  
cursively,in a cursive manner  
dolce,gently and sweetly  
draggingly,in a dragging manner  
eccentrically,not symmetrically with respect to the center  
eccentrically,in an eccentric or bizarre manner  
endogenously,in an endogenous manner  
erotically,in an erotic manner  
hypnotically,by means of hypnotism  
immunologically,from the point of view of immunology  
irreparably,in an irreparable manner or to an irreparable degree  
irritatingly,in an irritating manner  
judicially,as ordered by a court  
logogrammatically,by means of logograms; \Chinese is written logogrammatically\
on_camera,within range of a movie or television camera; \the senator didn't realize that he was speaking on camera\
prepositionally,as a preposition  
presidentially,in a presidential manner  
radioactively,in a radioactive manner; \radioactively labeled\
recurrently,in a recurrent manner  
sidearm,in a sidearm manner; \he prefers to throw sidearm\
sinuously,in a sinuous manner  
sinusoidally,in a sinusoidal manner  
spaceward,towards outer space  
stably,in a stable unchanging manner; \the death rate in Russia has been stably high\
stably,in a stable solid fixed manner; \the boulder was balanced stably at the edge of the canyon\
suggestively,in a suggestive manner; \she smiled suggestively\
synergistically,(of drugs or muscles) in a synergistic or interactive manner  
synergistically,(of group) in a synergistic or cooperative manner  
synonymously,in a synonymous manner; \the two terms are used synonymously\
taxonomically,with regard to taxonomy; \closely related taxonomically\
topologically,from the point of view of topology  
ulteriorly,in an ulterior manner  
vexatiously,in a vexatious manner  
wafer-thin,very thin; \it was cut wafer-thin\
wrongfully,in an unjust or unfair manner; \the employee claimed that she was wrongfully dismissed\; \people who were wrongfully imprisoned should be released\